first_name,last_name,aliases,table
Maurice,Scholten,,1
Crystal,Tee,,1
Joe,Tee,池勇章|爸爸,1
Jackie,Tan,陈丽琴|妈咪,1
Herman,Scholten,,1
Bianca,Scholten,,1
Jeffrey,Scholten,,1
Chantal,Scholten-Visser,,1
Kyamee,Scholten,,1
Nicole,Tee,池可为|阿妹,2
Yong Siong,Tee,池勇翔|叔叔,2
Mee Eng,Chong,婶婶,2
Lily,Leow,Lili 阿姨,2
Jessie,Toh,大姨,2
Andy,Koh,,2
Jeffrey,Boller,,3
Brenda,Flipsen,,3
Danny,Winters,,3
Lia,Winters,,3
Bob,van Ziel,,3
Birte,Twigt,,3
Dave,van Staaten,,3
Daphne,van Staaten,,3
Mees,Godwaldt,,3
Sanne,Van Hout,,3
Huiying,Chee,,4
Karl,Theseira,,4
Clement,Lin,,4
Jordan,Andrada,,4
Siang Hong,Phua,,4
Natalie,Agus,,4
Lisa,Komanski,,5
Nico,Komanski,,5
Sarthak,Deshwal,,5
Aayushi,Tomar,,5
Marcel,Heijnen,Mars,5
Amanda,Tse,,5
Sander,Hoogendijk,,6
Raymond,de Bruin,,6
Johnny,De Winter,,6
Henk,Dijkhuizen,,6
Elles,Dijkhuizen,,6
Giel,Blankestijn,,6
Demi,Willemsen,,6
Alena,Garchenko,,7
Evgeny,Nikiforov,,7
Gellert,Hegyi,,7
Annamaria,Csomor,,7
Camilla,Farnetani,,7
Madeleine,Lajili,,7
Johan,Lajili,,7
Junze,Bao,,7
Mario,Iten,,7
